"portfolio","exp_return","sigma"
"Benchmark",0.0553376967911884,0.065206043032176
"BL_Optimal",0.0553625228672033,0.0652333722248531
